DATE,CUUR0000SA0R
1913-01-01,1017.800
1913-02-01,1021.400
1913-03-01,1021.400
1913-04-01,1017.800
1913-05-01,1025.000
1913-06-01,1021.400
1913-07-01,1011.000
1913-08-01,1004.400
1913-09-01,1000.800
1913-10-01,994.200
1913-11-01,990.900
1913-12-01,994.200
1914-01-01,994.200
1914-02-01,1004.400
1914-03-01,1007.700
1914-04-01,1017.800
1914-05-01,1011.000
1914-06-01,1004.400
1914-07-01,994.200
1914-08-01,981.300
1914-09-01,978.000
1914-10-01,984.300
1914-11-01,981.300
1914-12-01,984.300
1915-01-01,987.600
1915-02-01,994.200
1915-03-01,1004.400
1915-04-01,994.200
1915-05-01,990.900
1915-06-01,987.600
1915-07-01,987.600
1915-08-01,987.600
1915-09-01,984.300
1915-10-01,974.700
1915-11-01,968.500
1915-12-01,965.500
1916-01-01,956.200
1916-02-01,956.200
1916-03-01,947.200
1916-04-01,938.200
1916-05-01,935.200
1916-06-01,923.600
1916-07-01,923.600
1916-08-01,912.500
1916-09-01,896.000
1916-10-01,885.600
1916-11-01,870.000
1916-12-01,864.900
1917-01-01,855.000
1917-02-01,835.900
1917-03-01,831.400
1917-04-01,796.100
1917-05-01,779.300
1917-06-01,771.200
1917-07-01,779.300
1917-08-01,767.300
1917-09-01,753.900
1917-10-01,740.700
1917-11-01,738.900
1917-12-01,729.900
1918-01-01,715.900
1918-02-01,709.300
1918-03-01,712.600
1918-04-01,704.200
1918-05-01,691.000
1918-06-01,678.800
1918-07-01,662.000
1918-08-01,650.600
1918-09-01,635.400
1918-10-01,624.900
1918-11-01,614.400
1918-12-01,605.700
1919-01-01,604.500
1919-02-01,618.300
1919-03-01,610.800
1919-04-01,599.800
1919-05-01,591.400
1919-06-01,590.200
1919-07-01,574.300
1919-08-01,564.700
1919-09-01,561.400
1919-10-01,552.200
1919-11-01,539.300
1919-12-01,527.900
1920-01-01,517.700
1920-02-01,511.500
1920-03-01,506.400
1920-04-01,492.300
1920-05-01,484.200
1920-06-01,477.300
1920-07-01,480.300
1920-08-01,492.900
1920-09-01,498.900
1920-10-01,501.300
1920-11-01,504.600
1920-12-01,516.000
1921-01-01,524.900
1921-02-01,542.300
1921-03-01,546.200
1921-04-01,553.100
1921-05-01,563.500
1921-06-01,566.800
1921-07-01,565.600
1921-08-01,563.500
1921-09-01,570.100
1921-10-01,571.000
1921-11-01,574.300
1921-12-01,577.900
1922-01-01,590.200
1922-02-01,591.400
1922-03-01,598.600
1922-04-01,598.600
1922-05-01,598.600
1922-06-01,597.400
1922-07-01,596.200
1922-08-01,602.100
1922-09-01,600.900
1922-10-01,597.400
1922-11-01,595.000
1922-12-01,592.600
1923-01-01,595.000
1923-02-01,596.200
1923-03-01,593.800
1923-04-01,591.400
1923-05-01,590.200
1923-06-01,586.900
1923-07-01,581.200
1923-08-01,583.300
1923-09-01,580.000
1923-10-01,578.800
1923-11-01,577.900
1923-12-01,577.900
1924-01-01,578.800
1924-02-01,581.200
1924-03-01,584.500
1924-04-01,586.900
1924-05-01,586.900
1924-06-01,586.900
1924-07-01,585.700
1924-08-01,586.900
1924-09-01,584.500
1924-10-01,582.400
1924-11-01,580.000
1924-12-01,578.800
1925-01-01,577.900
1925-02-01,580.000
1925-03-01,578.800
1925-04-01,580.000
1925-05-01,577.900
1925-06-01,571.000
1925-07-01,563.500
1925-08-01,563.500
1925-09-01,565.600
1925-10-01,563.500
1925-11-01,554.300
1925-12-01,557.300
1926-01-01,557.300
1926-02-01,559.300
1926-03-01,562.600
1926-04-01,557.300
1926-05-01,560.500
1926-06-01,564.700
1926-07-01,570.100
1926-08-01,573.400
1926-09-01,570.100
1926-10-01,568.000
1926-11-01,565.600
1926-12-01,565.600
1927-01-01,570.100
1927-02-01,574.300
1927-03-01,577.900
1927-04-01,577.900
1927-05-01,573.400
1927-06-01,568.000
1927-07-01,578.800
1927-08-01,582.400
1927-09-01,578.800
1927-10-01,575.500
1927-11-01,576.700
1927-12-01,577.900
1928-01-01,578.800
1928-02-01,584.500
1928-03-01,584.500
1928-04-01,583.300
1928-05-01,580.000
1928-06-01,584.500
1928-07-01,584.500
1928-08-01,583.300
1928-09-01,578.800
1928-10-01,580.000
1928-11-01,581.200
1928-12-01,583.300
1929-01-01,584.500
1929-02-01,585.700
1929-03-01,588.100
1929-04-01,590.200
1929-05-01,586.900
1929-06-01,584.500
1929-07-01,578.800
1929-08-01,576.700
1929-09-01,577.900
1929-10-01,577.900
1929-11-01,578.800
1929-12-01,582.400
1930-01-01,584.500
1930-02-01,586.900
1930-03-01,590.200
1930-04-01,586.900
1930-05-01,590.200
1930-06-01,593.800
1930-07-01,602.100
1930-08-01,605.700
1930-09-01,602.100
1930-10-01,605.700
1930-11-01,610.800
1930-12-01,619.500
1931-01-01,628.800
1931-02-01,638.100
1931-03-01,642.200
1931-04-01,646.400
1931-05-01,653.300
1931-06-01,660.800
1931-07-01,662.000
1931-08-01,663.500
1931-09-01,666.500
1931-10-01,671.000
1931-11-01,678.800
1931-12-01,684.700
1932-01-01,699.100
1932-02-01,709.300
1932-03-01,712.600
1932-04-01,717.700
1932-05-01,728.100
1932-06-01,733.500
1932-07-01,733.500
1932-08-01,742.500
1932-09-01,746.400
1932-10-01,752.100
1932-11-01,755.700
1932-12-01,763.500
1933-01-01,775.400
1933-02-01,787.700
1933-03-01,794.000
1933-04-01,796.100
1933-05-01,794.000
1933-06-01,785.600
1933-07-01,763.500
1933-08-01,755.700
1933-09-01,755.700
1933-10-01,755.700
1933-11-01,755.700
1933-12-01,759.600
1934-01-01,755.700
1934-02-01,750.000
1934-03-01,750.000
1934-04-01,752.100
1934-05-01,750.000
1934-06-01,748.200
1934-07-01,748.200
1934-08-01,746.400
1934-09-01,735.300
1934-10-01,740.700
1934-11-01,742.500
1934-12-01,744.600
1935-01-01,733.500
1935-02-01,728.100
1935-03-01,729.900
1935-04-01,722.800
1935-05-01,726.300
1935-06-01,728.100
1935-07-01,731.700
1935-08-01,731.700
1935-09-01,728.100
1935-10-01,728.100
1935-11-01,724.500
1935-12-01,722.800
1936-01-01,722.800
1936-02-01,726.300
1936-03-01,729.900
1936-04-01,729.900
1936-05-01,729.900
1936-06-01,722.800
1936-07-01,719.500
1936-08-01,714.400
1936-09-01,712.600
1936-10-01,714.400
1936-11-01,714.400
1936-12-01,714.400
1937-01-01,709.300
1937-02-01,707.500
1937-03-01,702.400
1937-04-01,699.100
1937-05-01,696.100
1937-06-01,694.300
1937-07-01,691.000
1937-08-01,689.500
1937-09-01,683.200
1937-10-01,686.500
1937-11-01,691.000
1937-12-01,692.800
1938-01-01,702.400
1938-02-01,709.300
1938-03-01,709.300
1938-04-01,705.700
1938-05-01,709.300
1938-06-01,709.300
1938-07-01,707.500
1938-08-01,709.300
1938-09-01,709.300
1938-10-01,712.600
1938-11-01,714.400
1938-12-01,712.600
1939-01-01,715.900
1939-02-01,719.500
1939-03-01,721.300
1939-04-01,722.800
1939-05-01,722.800
1939-06-01,722.800
1939-07-01,722.800
1939-08-01,722.800
1939-09-01,709.300
1939-10-01,712.600
1939-11-01,712.600
1939-12-01,715.900
1940-01-01,717.700
1940-02-01,712.600
1940-03-01,714.400
1940-04-01,714.400
1940-05-01,712.600
1940-06-01,710.800
1940-07-01,712.600
1940-08-01,714.400
1940-09-01,712.600
1940-10-01,712.600
1940-11-01,712.600
1940-12-01,709.300
1941-01-01,709.300
1941-02-01,709.300
1941-03-01,705.700
1941-04-01,699.100
1941-05-01,694.300
1941-06-01,681.800
1941-07-01,678.800
1941-08-01,672.500
1941-09-01,660.800
1941-10-01,653.300
1941-11-01,647.900
1941-12-01,646.400
1942-01-01,638.100
1942-02-01,632.700
1942-03-01,624.900
1942-04-01,621.000
1942-05-01,614.400
1942-06-01,613.200
1942-07-01,610.800
1942-08-01,606.900
1942-09-01,605.700
1942-10-01,599.800
1942-11-01,596.200
1942-12-01,591.400
1943-01-01,591.400
1943-02-01,590.200
1943-03-01,581.200
1943-04-01,574.300
1943-05-01,570.100
1943-06-01,571.000
1943-07-01,575.500
1943-08-01,577.900
1943-09-01,575.500
1943-10-01,573.400
1943-11-01,574.300
1943-12-01,573.400
1944-01-01,574.300
1944-02-01,575.500
1944-03-01,575.500
1944-04-01,572.200
1944-05-01,570.100
1944-06-01,568.900
1944-07-01,565.600
1944-08-01,563.500
1944-09-01,563.500
1944-10-01,563.500
1944-11-01,563.500
1944-12-01,561.400
1945-01-01,561.400
1945-02-01,562.600
1945-03-01,562.600
1945-04-01,561.400
1945-05-01,557.300
1945-06-01,552.200
1945-07-01,551.300
1945-08-01,551.300
1945-09-01,553.100
1945-10-01,553.100
1945-11-01,551.300
1945-12-01,549.200
1946-01-01,549.200
1946-02-01,551.300
1946-03-01,547.100
1946-04-01,544.100
1946-05-01,541.100
1946-06-01,535.400
1946-07-01,505.500
1946-08-01,494.700
1946-09-01,489.000
1946-10-01,479.700
1946-11-01,468.400
1946-12-01,464.800
1947-01-01,464.800
1947-02-01,465.400
1947-03-01,455.500
1947-04-01,455.500
1947-05-01,457.000
1947-06-01,453.400
1947-07-01,449.500
1947-08-01,444.700
1947-09-01,434.300
1947-10-01,434.300
1947-11-01,431.900
1947-12-01,426.500
1948-01-01,421.400
1948-02-01,425.000
1948-03-01,426.500
1948-04-01,420.200
1948-05-01,417.500
1948-06-01,414.500
1948-07-01,409.400
1948-08-01,407.600
1948-09-01,407.600
1948-10-01,409.400
1948-11-01,412.100
1948-12-01,415.100
1949-01-01,415.700
1949-02-01,420.200
1949-03-01,419.300
1949-04-01,418.700
1949-05-01,419.300
1949-06-01,418.700
1949-07-01,421.400
1949-08-01,420.200
1949-09-01,418.700
1949-10-01,420.800
1949-11-01,420.200
1949-12-01,422.600
1950-01-01,424.400
1950-02-01,425.600
1950-03-01,423.800
1950-04-01,423.200
1950-05-01,421.400
1950-06-01,419.300
1950-07-01,415.100
1950-08-01,411.800
1950-09-01,408.800
1950-10-01,406.700
1950-11-01,404.900
1950-12-01,399.500
1951-01-01,393.200
1951-02-01,388.800
1951-03-01,387.300
1951-04-01,386.700
1951-05-01,385.200
1951-06-01,385.800
1951-07-01,385.200
1951-08-01,385.200
1951-09-01,382.800
1951-10-01,380.700
1951-11-01,378.900
1951-12-01,377.400
1952-01-01,377.400
1952-02-01,379.800
1952-03-01,379.800
1952-04-01,378.300
1952-05-01,378.000
1952-06-01,376.800
1952-07-01,374.100
1952-08-01,373.500
1952-09-01,374.100
1952-10-01,373.500
1952-11-01,373.500
1952-12-01,374.100
1953-01-01,375.000
1953-02-01,376.800
1953-03-01,375.900
1953-04-01,375.600
1953-05-01,374.700
1953-06-01,373.200
1953-07-01,372.300
1953-08-01,371.400
1953-09-01,370.800
1953-10-01,369.900
1953-11-01,371.400
1953-12-01,371.700
1954-01-01,370.800
1954-02-01,371.400
1954-03-01,371.700
1954-04-01,372.600
1954-05-01,371.400
1954-06-01,370.800
1954-07-01,370.800
1954-08-01,371.400
1954-09-01,372.300
1954-10-01,373.200
1954-11-01,372.600
1954-12-01,373.500
1955-01-01,373.500
1955-02-01,373.500
1955-03-01,373.500
1955-04-01,373.500
1955-05-01,373.500
1955-06-01,373.500
1955-07-01,372.300
1955-08-01,373.200
1955-09-01,371.700
1955-10-01,371.700
1955-11-01,371.400
1955-12-01,372.300
1956-01-01,372.600
1956-02-01,372.600
1956-03-01,372.300
1956-04-01,371.700
1956-05-01,369.900
1956-06-01,367.800
1956-07-01,365.100
1956-08-01,365.400
1956-09-01,365.100
1956-10-01,362.700
1956-11-01,362.700
1956-12-01,361.800
1957-01-01,361.500
1957-02-01,360.000
1957-03-01,359.100
1957-04-01,357.900
1957-05-01,357.000
1957-06-01,354.900
1957-07-01,353.400
1957-08-01,352.800
1957-09-01,352.500
1957-10-01,352.500
1957-11-01,351.400
1957-12-01,351.400
1958-01-01,349.300
1958-02-01,349.000
1958-03-01,346.300
1958-04-01,345.700
1958-05-01,345.700
1958-06-01,345.100
1958-07-01,344.800
1958-08-01,345.100
1958-09-01,345.100
1958-10-01,345.100
1958-11-01,344.800
1958-12-01,345.100
1959-01-01,344.800
1959-02-01,345.100
1959-03-01,345.100
1959-04-01,344.800
1959-05-01,344.500
1959-06-01,342.700
1959-07-01,342.100
1959-08-01,342.400
1959-09-01,341.200
1959-10-01,340.000
1959-11-01,340.000
1959-12-01,340.000
1960-01-01,340.600
1960-02-01,340.000
1960-03-01,340.000
1960-04-01,338.200
1960-05-01,338.200
1960-06-01,337.300
1960-07-01,337.300
1960-08-01,337.300
1960-09-01,337.000
1960-10-01,335.500
1960-11-01,335.200
1960-12-01,335.200
1961-01-01,335.200
1961-02-01,335.200
1961-03-01,335.200
1961-04-01,335.200
1961-05-01,335.200
1961-06-01,334.900
1961-07-01,333.400
1961-08-01,333.700
1961-09-01,332.800
1961-10-01,332.800
1961-11-01,332.800
1961-12-01,332.800
1962-01-01,332.800
1962-02-01,332.200
1962-03-01,331.300
1962-04-01,330.700
1962-05-01,330.700
1962-06-01,330.700
1962-07-01,330.100
1962-08-01,330.100
1962-09-01,328.000
1962-10-01,328.600
1962-11-01,328.600
1962-12-01,328.900
1963-01-01,328.600
1963-02-01,328.000
1963-03-01,327.700
1963-04-01,327.700
1963-05-01,327.700
1963-06-01,326.500
1963-07-01,325.000
1963-08-01,325.000
1963-09-01,325.000
1963-10-01,324.700
1963-11-01,324.100
1963-12-01,323.500
1964-01-01,323.200
1964-02-01,323.500
1964-03-01,323.200
1964-04-01,322.900
1964-05-01,322.900
1964-06-01,322.000
1964-07-01,321.400
1964-08-01,321.700
1964-09-01,321.100
1964-10-01,320.800
1964-11-01,320.200
1964-12-01,319.600
1965-01-01,319.600
1965-02-01,319.600
1965-03-01,319.300
1965-04-01,318.400
1965-05-01,317.800
1965-06-01,316.000
1965-07-01,315.700
1965-08-01,316.300
1965-09-01,315.700
1965-10-01,315.400
1965-11-01,314.800
1965-12-01,313.600
1966-01-01,313.600
1966-02-01,311.800
1966-03-01,310.600
1966-04-01,309.500
1966-05-01,309.200
1966-06-01,308.300
1966-07-01,307.400
1966-08-01,305.600
1966-09-01,305.000
1966-10-01,303.800
1966-11-01,303.800
1966-12-01,303.500
1967-01-01,303.500
1967-02-01,303.200
1967-03-01,302.600
1967-04-01,302.000
1967-05-01,301.100
1967-06-01,300.200
1967-07-01,298.700
1967-08-01,297.800
1967-09-01,297.200
1967-10-01,296.300
1967-11-01,295.400
1967-12-01,294.500
1968-01-01,293.300
1968-02-01,292.700
1968-03-01,291.200
1968-04-01,290.300
1968-05-01,289.400
1968-06-01,287.900
1968-07-01,286.400
1968-08-01,285.500
1968-09-01,284.600
1968-10-01,283.100
1968-11-01,282.200
1968-12-01,281.300
1969-01-01,280.400
1969-02-01,279.500
1969-03-01,277.100
1969-04-01,275.300
1969-05-01,274.400
1969-06-01,272.900
1969-07-01,271.400
1969-08-01,270.200
1969-09-01,269.000
1969-10-01,268.200
1969-11-01,266.700
1969-12-01,265.200
1970-01-01,264.300
1970-02-01,262.800
1970-03-01,261.300
1970-04-01,259.800
1970-05-01,258.600
1970-06-01,257.400
1970-07-01,256.500
1970-08-01,255.900
1970-09-01,254.700
1970-10-01,253.500
1970-11-01,252.600
1970-12-01,251.400
1971-01-01,251.100
1971-02-01,250.800
1971-03-01,249.900
1971-04-01,249.000
1971-05-01,247.800
1971-06-01,246.300
1971-07-01,245.700
1971-08-01,245.100
1971-09-01,244.800
1971-10-01,244.500
1971-11-01,244.200
1971-12-01,243.000
1972-01-01,243.000
1972-02-01,241.800
1972-03-01,241.200
1972-04-01,240.900
1972-05-01,240.000
1972-06-01,239.400
1972-07-01,238.500
1972-08-01,238.200
1972-09-01,237.000
1972-10-01,236.400
1972-11-01,235.800
1972-12-01,235.200
1973-01-01,234.300
1973-02-01,232.800
1973-03-01,230.400
1973-04-01,228.900
1973-05-01,227.500
1973-06-01,226.000
1973-07-01,225.700
1973-08-01,221.500
1973-09-01,220.900
1973-10-01,219.100
1973-11-01,217.600
1973-12-01,216.100
1974-01-01,214.300
1974-02-01,211.600
1974-03-01,209.200
1974-04-01,208.000
1974-05-01,205.600
1974-06-01,203.800
1974-07-01,202.300
1974-08-01,199.600
1974-09-01,197.200
1974-10-01,195.700
1974-11-01,193.900
1974-12-01,192.700
1975-01-01,191.800
1975-02-01,190.300
1975-03-01,189.700
1975-04-01,188.800
1975-05-01,187.900
1975-06-01,186.400
1975-07-01,184.400
1975-08-01,183.800
1975-09-01,182.900
1975-10-01,182.000
1975-11-01,180.800
1975-12-01,179.900
1976-01-01,179.600
1976-02-01,179.000
1976-03-01,178.700
1976-04-01,178.100
1976-05-01,176.900
1976-06-01,176.000
1976-07-01,174.800
1976-08-01,174.200
1976-09-01,173.300
1976-10-01,172.700
1976-11-01,172.100
1976-12-01,171.800
1977-01-01,170.600
1977-02-01,169.100
1977-03-01,167.900
1977-04-01,166.700
1977-05-01,165.800
1977-06-01,164.600
1977-07-01,164.000
1977-08-01,163.400
1977-09-01,162.500
1977-10-01,162.200
1977-11-01,161.300
1977-12-01,160.700
1978-01-01,159.800
1978-02-01,158.900
1978-03-01,157.700
1978-04-01,156.200
1978-05-01,154.700
1978-06-01,153.200
1978-07-01,152.000
1978-08-01,151.400
1978-09-01,150.200
1978-10-01,149.000
1978-11-01,148.100
1978-12-01,147.500
1979-01-01,146.300
1979-02-01,144.600
1979-03-01,143.100
1979-04-01,141.600
1979-05-01,139.800
1979-06-01,138.300
1979-07-01,136.800
1979-08-01,135.300
1979-09-01,134.100
1979-10-01,132.900
1979-11-01,131.700
1979-12-01,130.200
1980-01-01,128.400
1980-02-01,126.600
1980-03-01,124.800
1980-04-01,123.300
1980-05-01,122.100
1980-06-01,120.900
1980-07-01,120.900
1980-08-01,120.000
1980-09-01,118.800
1980-10-01,117.900
1980-11-01,116.700
1980-12-01,115.800
1981-01-01,114.900
1981-02-01,113.700
1981-03-01,112.800
1981-04-01,112.200
1981-05-01,111.300
1981-06-01,110.400
1981-07-01,108.900
1981-08-01,108.300
1981-09-01,107.100
1981-10-01,106.800
1981-11-01,106.500
1981-12-01,106.200
1982-01-01,105.900
1982-02-01,105.600
1982-03-01,105.600
1982-04-01,105.300
1982-05-01,104.100
1982-06-01,103.000
1982-07-01,102.400
1982-08-01,102.400
1982-09-01,102.100
1982-10-01,101.800
1982-11-01,102.100
1982-12-01,102.400
1983-01-01,102.100
1983-02-01,102.100
1983-03-01,102.100
1983-04-01,101.200
1983-05-01,100.900
1983-06-01,100.300
1983-07-01,100.000
1983-08-01,99.700
1983-09-01,99.100
1983-10-01,98.800
1983-11-01,98.800
1983-12-01,98.500
1984-01-01,98.200
1984-02-01,97.600
1984-03-01,97.300
1984-04-01,97.000
1984-05-01,96.700
1984-06-01,96.400
1984-07-01,96.100
1984-08-01,95.500
1984-09-01,95.200
1984-10-01,94.900
1984-11-01,94.900
1984-12-01,94.900
1985-01-01,94.600
1985-02-01,94.300
1985-03-01,94.000
1985-04-01,93.400
1985-05-01,93.100
1985-06-01,92.800
1985-07-01,92.800
1985-08-01,92.500
1985-09-01,92.200
1985-10-01,91.900
1985-11-01,91.600
1985-12-01,91.300
1986-01-01,91.300
1986-02-01,91.300
1986-03-01,91.900
1986-04-01,91.900
1986-05-01,91.600
1986-06-01,91.300
1986-07-01,91.300
1986-08-01,91.000
1986-09-01,90.700
1986-10-01,90.700
1986-11-01,90.400
1986-12-01,90.400
1987-01-01,89.900
1987-02-01,89.500
1987-03-01,89.100
1987-04-01,88.600
1987-05-01,88.400
1987-06-01,88.000
1987-07-01,87.800
1987-08-01,87.300
1987-09-01,86.900
1987-10-01,86.700
1987-11-01,86.500
1987-12-01,86.600
1988-01-01,86.400
1988-02-01,86.200
1988-03-01,85.800
1988-04-01,85.400
1988-05-01,85.100
1988-06-01,84.700
1988-07-01,84.400
1988-08-01,84.000
1988-09-01,83.500
1988-10-01,83.200
1988-11-01,83.100
1988-12-01,83.000
1989-01-01,82.600
1989-02-01,82.300
1989-03-01,81.800
1989-04-01,81.200
1989-05-01,80.800
1989-06-01,80.600
1989-07-01,80.400
1989-08-01,80.300
1989-09-01,80.000
1989-10-01,79.600
1989-11-01,79.500
1989-12-01,79.300
1990-01-01,78.500
1990-02-01,78.200
1990-03-01,77.700
1990-04-01,77.600
1990-05-01,77.400
1990-06-01,77.000
1990-07-01,76.700
1990-08-01,76.000
1990-09-01,75.400
1990-10-01,74.900
1990-11-01,74.800
1990-12-01,74.700
1991-01-01,74.300
1991-02-01,74.200
1991-03-01,74.100
1991-04-01,73.900
1991-05-01,73.700
1991-06-01,73.500
1991-07-01,73.400
1991-08-01,73.200
1991-09-01,72.900
1991-10-01,72.800
1991-11-01,72.600
1991-12-01,72.500
1992-01-01,72.400
1992-02-01,72.200
1992-03-01,71.800
1992-04-01,71.700
1992-05-01,71.600
1992-06-01,71.300
1992-07-01,71.200
1992-08-01,71.000
1992-09-01,70.800
1992-10-01,70.500
1992-11-01,70.400
1992-12-01,70.500
1993-01-01,70.100
1993-02-01,69.900
1993-03-01,69.700
1993-04-01,69.500
1993-05-01,69.300
1993-06-01,69.300
1993-07-01,69.200
1993-08-01,69.000
1993-09-01,68.900
1993-10-01,68.600
1993-11-01,68.600
1993-12-01,68.600
1994-01-01,68.400
1994-02-01,68.200
1994-03-01,67.900
1994-04-01,67.900
1994-05-01,67.800
1994-06-01,67.600
1994-07-01,67.400
1994-08-01,67.100
1994-09-01,66.900
1994-10-01,66.900
1994-11-01,66.800
1994-12-01,66.800
1995-01-01,66.500
1995-02-01,66.300
1995-03-01,66.000
1995-04-01,65.800
1995-05-01,65.700
1995-06-01,65.600
1995-07-01,65.600
1995-08-01,65.400
1995-09-01,65.300
1995-10-01,65.100
1995-11-01,65.100
1995-12-01,65.100
1996-01-01,64.800
1996-02-01,64.500
1996-03-01,64.200
1996-04-01,64.000
1996-05-01,63.900
1996-06-01,63.800
1996-07-01,63.700
1996-08-01,63.600
1996-09-01,63.400
1996-10-01,63.200
1996-11-01,63.100
1996-12-01,63.100
1997-01-01,62.800
1997-02-01,62.600
1997-03-01,62.500
1997-04-01,62.400
1997-05-01,62.500
1997-06-01,62.400
1997-07-01,62.300
1997-08-01,62.200
1997-09-01,62.000
1997-10-01,61.900
1997-11-01,61.900
1997-12-01,62.000
1998-01-01,61.900
1998-02-01,61.800
1998-03-01,61.700
1998-04-01,61.500
1998-05-01,61.400
1998-06-01,61.400
1998-07-01,61.300
1998-08-01,61.200
1998-09-01,61.100
1998-10-01,61.000
1998-11-01,61.000
1998-12-01,61.000
1999-01-01,60.800
1999-02-01,60.800
1999-03-01,60.600
1999-04-01,60.200
1999-05-01,60.200
1999-06-01,60.200
1999-07-01,60.000
1999-08-01,59.800
1999-09-01,59.600
1999-10-01,59.400
1999-11-01,59.400
1999-12-01,59.400
2000-01-01,59.200
2000-02-01,58.900
2000-03-01,58.400
2000-04-01,58.400
2000-05-01,58.300
2000-06-01,58.000
2000-07-01,57.900
2000-08-01,57.900
2000-09-01,57.600
2000-10-01,57.500
2000-11-01,57.400
2000-12-01,57.500
2001-01-01,57.100
2001-02-01,56.900
2001-03-01,56.700
2001-04-01,56.500
2001-05-01,56.300
2001-06-01,56.200
2001-07-01,56.300
2001-08-01,56.300
2001-09-01,56.100
2001-10-01,56.300
2001-11-01,56.400
2001-12-01,56.600
2002-01-01,56.500
2002-02-01,56.200
2002-03-01,55.900
2002-04-01,55.600
2002-05-01,55.600
2002-06-01,55.600
2002-07-01,55.500
2002-08-01,55.400
2002-09-01,55.300
2002-10-01,55.200
2002-11-01,55.200
2002-12-01,55.300
2003-01-01,55.000
2003-02-01,54.600
2003-03-01,54.300
2003-04-01,54.400
2003-05-01,54.500
2003-06-01,54.400
2003-07-01,54.400
2003-08-01,54.200
2003-09-01,54.000
2003-10-01,54.000
2003-11-01,54.200
2003-12-01,54.300
2004-01-01,54.000
2004-02-01,53.700
2004-03-01,53.400
2004-04-01,53.200
2004-05-01,52.900
2004-06-01,52.700
2004-07-01,52.800
2004-08-01,52.800
2004-09-01,52.700
2004-10-01,52.400
2004-11-01,52.400
2004-12-01,52.500
2005-01-01,52.400
2005-02-01,52.100
2005-03-01,51.700
2005-04-01,51.400
2005-05-01,51.400
2005-06-01,51.400
2005-07-01,51.200
2005-08-01,50.900
2005-09-01,50.300
2005-10-01,50.200
2005-11-01,50.600
2005-12-01,50.800
2006-01-01,50.400
2006-02-01,50.300
2006-03-01,50.000
2006-04-01,49.600
2006-05-01,49.400
2006-06-01,49.300
2006-07-01,49.100
2006-08-01,49.000
2006-09-01,49.300
2006-10-01,49.500
2006-11-01,49.600
2006-12-01,49.600
2007-01-01,49.400
2007-02-01,49.100
2007-03-01,48.700
2007-04-01,48.400
2007-05-01,48.100
2007-06-01,48.000
2007-07-01,48.000
2007-08-01,48.100
2007-09-01,48.000
2007-10-01,47.900
2007-11-01,47.600
2007-12-01,47.600
2008-01-01,47.400
2008-02-01,47.200
2008-03-01,46.800
2008-04-01,46.500
2008-05-01,46.200
2008-06-01,45.700
2008-07-01,45.500
2008-08-01,45.600
2008-09-01,45.700
2008-10-01,46.200
2008-11-01,47.100
2008-12-01,47.600
2009-01-01,47.400
2009-02-01,47.100
2009-03-01,47.000
2009-04-01,46.900
2009-05-01,46.800
2009-06-01,46.400
2009-07-01,46.400
2009-08-01,46.300
2009-09-01,46.300
2009-10-01,46.300
2009-11-01,46.200
2009-12-01,46.300
2010-01-01,46.100
2010-02-01,46.100
2010-03-01,45.900
2010-04-01,45.900
2010-05-01,45.800
2010-06-01,45.900
2010-07-01,45.900
2010-08-01,45.800
2010-09-01,45.800
2010-10-01,45.700
2010-11-01,45.700
2010-12-01,45.600
2011-01-01,45.400
2011-02-01,45.200
2011-03-01,44.700
2011-04-01,44.500
2011-05-01,44.300
2011-06-01,44.300
2011-07-01,44.300
2011-08-01,44.100
2011-09-01,44.100
2011-10-01,44.200
2011-11-01,44.200
2011-12-01,44.300
2012-01-01,44.100
2012-02-01,43.900
2012-03-01,43.600
2012-04-01,43.500
2012-05-01,43.500
2012-06-01,43.600
2012-07-01,43.600
2012-08-01,43.400
2012-09-01,43.200
2012-10-01,43.200
2012-11-01,43.400
2012-12-01,43.600
2013-01-01,43.400
2013-02-01,43.100
2013-03-01,43.000
2013-04-01,43.000
2013-05-01,42.900
2013-06-01,42.800
2013-07-01,42.800
2013-08-01,42.800
2013-09-01,42.700
2013-10-01,42.800
2013-11-01,42.900
2013-12-01,42.900
2014-01-01,42.800
2014-02-01,42.600
2014-03-01,42.300
2014-04-01,42.200
2014-05-01,42.000
2014-06-01,42.000
2014-07-01,42.000
2014-08-01,42.000
2014-09-01,42.000
2014-10-01,42.100
2014-11-01,42.300
2014-12-01,42.600
2015-01-01,42.800
2015-02-01,42.600
2015-03-01,42.400
2015-04-01,42.300
2015-05-01,42.100
2015-06-01,41.900
2015-07-01,41.900
2015-08-01,42.000
2015-09-01,42.000
2015-10-01,42.000
2015-11-01,42.100
2015-12-01,42.300
2016-01-01,42.200
2016-02-01,42.200
2016-03-01,42.000
2016-04-01,41.800
2016-05-01,41.600
2016-06-01,41.500
2016-07-01,41.600
2016-08-01,41.500
2016-09-01,41.400
2016-10-01,41.400
2016-11-01,41.400
2016-12-01,41.400
2017-01-01,41.200
2017-02-01,41.100
2017-03-01,41.000
2017-04-01,40.900
2017-05-01,40.900
2017-06-01,40.800
2017-07-01,40.900
2017-08-01,40.700
2017-09-01,40.500
2017-10-01,40.500
2017-11-01,40.500
2017-12-01,40.600
2018-01-01,40.300
2018-02-01,40.200
2018-03-01,40.100
2018-04-01,39.9
2018-05-01,39.7
2018-06-01,39.7
2018-07-01,39.7
2018-08-01,39.7
2018-09-01,39.6
2018-10-01,39.5
2018-11-01,39.7
2018-12-01,39.8
2019-01-01,39.7
2019-02-01,39.6
2019-03-01,39.3
2019-04-01,39.1
2019-05-01,39.0
2019-06-01,39.0
2019-07-01,39.0
2019-08-01,39.0
2019-09-01,38.9
2019-10-01,38.9
2019-11-01,38.9
2019-12-01,38.9
2020-01-01,38.8
2020-02-01,38.7
2020-03-01,38.7
2020-04-01,39.0
2020-05-01,39.0
2020-06-01,38.8
2020-07-01,38.6
2020-08-01,38.5
2020-09-01,38.4
2020-10-01,38.4
2020-11-01,38.4
2020-12-01,38.4
2021-01-01,38.2
2021-02-01,38.0
2021-03-01,37.8
2021-04-01,37.4
2021-05-01,37.1
